gender,age,hypertension,heart_disease,smoking_history,bmi,HbA1c_level,blood_glucose_level,diabetes
Male,17.244232,No,No,never,23.943966,4.06902,211,No
Female,59.552117,No,No,No Info,27.833937,4.423845,136,No
Male,19.894045,No,No,never,27.495598,4.192446,82,No
Female,61.766453,No,No,No Info,24.943736,6.784914,167,Yes
Female,34.869988,No,No,never,30.238125,4.094519,84,No
Male,46.279373,No,No,never,30.764467,6.647085,177,No
Female,33.010149,No,No,No Info,23.359743,4.885696,123,No
Female,29.037121,Yes,No,never,31.462591,3.991314,131,No
Male,22.551325,No,No,never,27.789442,6.480698,177,No
Male,40.617294,No,No,No Info,22.805242,6.6873,156,No
Male,37.067881,No,No,current,31.086653,4.833464,114,No
Male,30.060545,No,No,former,24.380073,6.78388,164,No
Male,29.41056,No,No,No Info,22.479585,5.019617,187,No
Female,47.442183,No,No,No Info,29.581689,6.77578,217,No
Male,23.487504,No,No,No Info,23.6997,7.16427,157,No
Female,23.752477,No,No,never,29.488447,5.925232,168,No
Female,26.275746,No,No,never,26.577665,7.899772,135,No
Female,21.542392,No,No,never,30.00697,6.047709,115,Yes
Female,72.822956,No,No,No Info,25.184175,3.690788,106,No
Female,76.595493,No,No,never,35.405386,5.96651,149,No
Female,41.087559,No,No,current,35.349789,3.621514,236,No
Male,0.304647,No,No,No Info,33.783514,5.725993,146,No
Male,48.612604,No,No,never,26.484405,5.211373,165,No
Female,14.795636,No,No,never,14.260639,4.483979,90,No
Male,46.663438,No,No,never,25.901779,7.064857,114,No
Female,44.136596,No,No,current,22.809457,4.624618,112,No
Male,56.191859,No,No,never,29.358916,4.445915,130,No
Female,60.272453,No,No,never,26.44442,6.416374,128,No
Female,40.448946,No,No,No Info,27.86427,4.516533,129,No
Female,26.9408,No,No,No Info,26.430488,6.332535,188,No
Female,28.157781,No,No,former,26.857592,6.16581,97,No
Female,37.024697,No,No,current,19.682933,4.810243,100,No
Male,57.9772,No,No,No Info,19.794838,5.432805,145,No
Male,21.499141,No,No,never,20.344047,6.435996,183,No
Female,1.108583,No,No,No Info,14.070662,3.657034,104,No
Male,58.705369,Yes,No,No Info,24.833719,7.609238,140,No
Female,40.651724,No,No,never,26.050482,5.076635,141,No
Male,63.687609,No,No,former,29.680118,5.041718,189,No
Female,44.323639,No,No,No Info,27.869319,6.293924,219,No
Female,19.294136,No,No,never,21.304204,4.574042,178,No
Male,59.865763,No,No,No Info,33.4662,5.775128,135,No
Male,38.491634,No,No,current,22.542372,3.753272,81,No
Female,28.90907,Yes,No,No Info,26.438539,6.64547,95,No
Male,9.322213,No,No,never,24.650364,4.971939,117,No
Female,51.106562,No,No,never,24.772372,5.417102,135,No
Female,18.369563,No,No,never,22.433536,6.75625,234,No
Female,37.834156,No,Yes,never,15.040164,4.355253,198,No
Male,10.70572,No,No,No Info,23.542933,5.900678,91,No
Male,57.309834,No,No,former,24.602883,6.384691,100,No
Male,37.769435,No,No,No Info,22.861556,7.138023,171,No
Female,59.568019,No,No,No Info,38.902926,6.768137,210,No
Female,41.288632,No,No,No Info,48.458446,6.669129,178,No
Female,3.286654,No,No,No Info,19.819111,5.788436,98,No
Male,35.525699,No,No,No Info,28.581224,5.34535,121,No
Male,59.611058,No,No,No Info,33.901009,5.458916,90,Yes
Female,57.375503,No,No,No Info,26.781243,7.106861,117,No
Female,21.063034,No,No,No Info,40.597713,7.459356,81,Yes
Female,70.032806,No,No,not current,34.663355,5.928143,108,No
Female,71.63721,No,No,never,27.292904,5.085675,192,No
Female,10.546038,Yes,No,never,20.00066,4.680076,200,No
Female,68.661623,No,No,never,24.019753,6.309081,229,No
Female,34.50378,No,No,No Info,32.248036,4.20752,98,No
Male,7.648474,No,No,never,21.818674,5.363402,111,No
Female,38.542967,No,No,No Info,28.289464,6.25548,181,No
Male,48.723952,No,Yes,never,32.514175,6.792798,109,No
Female,21.38801,No,No,never,36.702836,5.014041,176,No
Male,39.026987,No,Yes,never,26.452177,4.717178,102,No
Male,56.282385,No,No,never,29.762692,7.979338,153,No
Male,65.637257,No,No,No Info,30.848094,5.060624,237,Yes
Female,40.831692,Yes,No,No Info,29.347326,5.368585,222,No
Female,74.183139,No,No,current,32.941721,4.901532,96,Yes
Female,43.693669,No,No,current,34.563181,6.15515,170,No
Male,44.446112,No,No,never,27.096782,7.00654,184,No
Male,39.078941,No,No,No Info,29.50401,6.387361,121,No
Female,69.51169,No,No,No Info,35.825004,4.182971,149,No
Female,75.720252,No,No,not current,28.544959,6.575762,148,No
Female,43.566295,No,No,No Info,24.538516,5.66267,154,No
Female,65.129567,Yes,No,former,38.203389,6.57009,232,No
Female,31.55009,No,No,never,24.411409,6.305453,155,No
Male,44.987971,No,No,never,30.145893,6.531438,135,No
Female,71.626242,No,No,former,24.646676,6.116383,234,No
Male,52.778092,No,No,current,28.901413,6.12635,100,No
Female,65.955413,No,No,No Info,26.799861,5.784056,228,No
Male,70.442887,No,No,current,28.184518,6.074304,191,No
Female,31.06699,No,No,No Info,29.324698,5.089214,97,Yes
Male,41.899443,No,No,No Info,31.468385,4.734786,127,No
Male,46.969705,Yes,No,never,41.705967,6.512211,169,No
Female,21.897961,No,No,never,31.856382,4.969541,112,No
Male,58.239514,Yes,No,No Info,22.800768,6.431535,201,No
Female,7.177561,No,No,not current,17.466518,5.075974,112,No
Male,54.978864,No,No,never,39.794238,5.451149,93,No
Female,36.77797,No,No,not current,30.22376,5.125805,116,No
Male,64.639272,No,No,current,31.355151,4.705123,101,No
Male,19.276774,No,No,No Info,19.579679,4.600987,186,No
Female,5.086161,No,No,not current,33.585323,5.69103,104,No
Female,35.641008,No,No,No Info,48.017796,5.287418,115,No
Male,38.686442,No,No,never,27.151009,4.359214,122,No
Female,59.649001,No,No,never,33.226082,6.074459,148,Yes
Female,13.255976,No,No,ever,31.969749,6.004542,113,No
Female,45.463851,No,No,current,30.113014,6.959162,158,No
